{"cameraMode":{"drawMode":0,"name":"Shaded","section":"Shading Mode"},"sceneLighting":true,"audioPlay":false,"sceneViewState":{"showFog":true,"showMaterialUpdate":false,"showSkybox":true,"showFlares":true,"showImageEffects":true,"showParticleSystems":true},"in2DMode":false,"pivot":{"x":-15.092218399047852,"y":5.127396583557129,"z":9.093564987182618},"rotation":{"x":-0.30582395195961,"y":0.006281559821218252,"z":-0.0020172724034637214,"w":-0.9520686268806458},"size":17.667774200439454,"orthographic":false}