{"cameraMode":{"drawMode":0,"name":"Shaded","section":"Shading Mode"},"sceneLighting":true,"audioPlay":false,"sceneViewState":{"showFog":true,"showMaterialUpdate":true,"showSkybox":true,"showFlares":true,"showImageEffects":true,"showParticleSystems":true},"in2DMode":false,"pivot":{"x":-5.7788190841674809,"y":0.5241497755050659,"z":-1.4512825012207032},"rotation":{"x":-0.08719445765018463,"y":-0.012853529304265976,"z":0.0011239980813115836,"w":-0.9961335062980652},"size":7.718287944793701,"orthographic":false}