{"cameraMode":{"drawMode":0,"name":"Shaded","section":"Shading Mode"},"sceneLighting":true,"audioPlay":false,"sceneViewState":{"showFog":true,"showMaterialUpdate":true,"showSkybox":true,"showFlares":true,"showImageEffects":true,"showParticleSystems":true},"in2DMode":false,"pivot":{"x":3.2336065769195558,"y":1.7148380279541016,"z":0.6997718811035156},"rotation":{"x":-0.3311361074447632,"y":-0.04429090395569801,"z":0.015001380816102028,"w":-0.9425870180130005},"size":27.809799194335939,"orthographic":false}