{"cameraMode":{"drawMode":0,"name":"Shaded","section":"Shading Mode"},"sceneLighting":true,"audioPlay":false,"sceneViewState":{"showFog":true,"showMaterialUpdate":true,"showSkybox":true,"showFlares":true,"showImageEffects":true,"showParticleSystems":true},"in2DMode":false,"pivot":{"x":-2.7513551712036135,"y":10.079700469970704,"z":-16.024255752563478},"rotation":{"x":0.31507307291030886,"y":-0.5670404434204102,"z":0.24836882948875428,"w":0.7194180488586426},"size":24.03301239013672,"orthographic":false}