{"cameraMode":{"drawMode":0,"name":"Shaded","section":"Shading Mode"},"sceneLighting":true,"audioPlay":false,"sceneViewState":{"showFog":true,"showMaterialUpdate":true,"showSkybox":true,"showFlares":true,"showImageEffects":true,"showParticleSystems":true},"in2DMode":false,"pivot":{"x":-15.13896656036377,"y":13.140603065490723,"z":0.07416152954101563},"rotation":{"x":-0.19111450016498567,"y":0.012366104871034623,"z":-0.002404466737061739,"w":-0.9815000891685486},"size":10.653624534606934,"orthographic":false}