{"cameraMode":{"drawMode":0,"name":"Shaded","section":"Shading Mode"},"sceneLighting":false,"audioPlay":false,"sceneViewState":{"showFog":true,"showMaterialUpdate":true,"showSkybox":false,"showFlares":true,"showImageEffects":true,"showParticleSystems":true},"in2DMode":false,"pivot":{"x":-0.857782244682312,"y":1.546961784362793,"z":-6.9897661209106449},"rotation":{"x":-0.1805967092514038,"y":0.047778159379959109,"z":-0.008783537894487381,"w":-0.9823613166809082},"size":2.1906111240386965,"orthographic":false}