{"cameraMode":{"drawMode":0,"name":"Shaded","section":"Shading Mode"},"sceneLighting":false,"audioPlay":false,"sceneViewState":{"showFog":true,"showMaterialUpdate":false,"showSkybox":false,"showFlares":true,"showImageEffects":true,"showParticleSystems":true},"in2DMode":false,"pivot":{"x":0.7422634959220886,"y":0.8914014101028442,"z":0.4874866008758545},"rotation":{"x":-0.3304595351219177,"y":0.07328736782073975,"z":-0.02569926530122757,"w":-0.9407329559326172},"size":0.962131917476654,"orthographic":false}