{"cameraMode":{"drawMode":0,"name":"Shaded","section":"Shading Mode"},"sceneLighting":false,"audioPlay":false,"sceneViewState":{"showFog":true,"showMaterialUpdate":false,"showSkybox":true,"showFlares":true,"showImageEffects":true,"showParticleSystems":true},"in2DMode":false,"pivot":{"x":-1.9753532409667969,"y":10.672924041748047,"z":-3.564420700073242},"rotation":{"x":-0.2416914403438568,"y":0.4098324477672577,"z":-0.11358857154846192,"w":-0.8722842335700989},"size":31.875391006469728,"orthographic":false}