{"cameraMode":{"drawMode":0,"name":"Shaded","section":"Shading Mode"},"sceneLighting":true,"audioPlay":false,"sceneViewState":{"showFog":true,"showMaterialUpdate":false,"showSkybox":true,"showFlares":true,"showImageEffects":true,"showParticleSystems":true},"in2DMode":false,"pivot":{"x":18.540273666381837,"y":11.981685638427735,"z":9.979004859924317},"rotation":{"x":0.1748674213886261,"y":0.03164520859718323,"z":-0.005320913624018431,"w":0.9843398332595825},"size":8.453011512756348,"orthographic":false}