{"cameraMode":{"drawMode":0,"name":"Shaded","section":"Shading Mode"},"sceneLighting":true,"audioPlay":false,"sceneViewState":{"showFog":true,"showMaterialUpdate":true,"showSkybox":true,"showFlares":true,"showImageEffects":true,"showParticleSystems":true},"in2DMode":false,"pivot":{"x":-14.534343719482422,"y":12.957955360412598,"z":-1.3841073513031006},"rotation":{"x":0.1837177872657776,"y":0.02211068943142891,"z":-0.004111158195883036,"w":0.982744038105011},"size":2.6467177867889406,"orthographic":false}