{"cameraMode":{"drawMode":0,"name":"Shaded","section":"Shading Mode"},"sceneLighting":false,"audioPlay":false,"sceneViewState":{"showFog":true,"showMaterialUpdate":true,"showSkybox":false,"showFlares":true,"showImageEffects":true,"showParticleSystems":true},"in2DMode":false,"pivot":{"x":-6.2848968505859379,"y":1.3131566047668458,"z":-7.214256286621094},"rotation":{"x":-0.1880137175321579,"y":0.041825536638498309,"z":-0.00800980906933546,"w":-0.9812564253807068},"size":2.1440794467926027,"orthographic":false}