{"cameraMode":{"drawMode":0,"name":"Shaded","section":"Shading Mode"},"sceneLighting":false,"audioPlay":false,"sceneViewState":{"showFog":true,"showMaterialUpdate":false,"showSkybox":true,"showFlares":true,"showImageEffects":true,"showParticleSystems":true},"in2DMode":false,"pivot":{"x":8.19068717956543,"y":12.744937896728516,"z":-8.354220390319825},"rotation":{"x":-0.3314247131347656,"y":-0.011570839211344719,"z":0.004058798309415579,"w":-0.943490743637085},"size":18.193950653076173,"orthographic":false}