{"cameraMode":{"drawMode":0,"name":"Shaded","section":"Shading Mode"},"sceneLighting":true,"audioPlay":false,"sceneViewState":{"showFog":true,"showMaterialUpdate":true,"showSkybox":true,"showFlares":true,"showImageEffects":true,"showParticleSystems":true},"in2DMode":false,"pivot":{"x":1.9451717138290406,"y":16.319936752319337,"z":-8.939409255981446},"rotation":{"x":0.33990657329559328,"y":0.0014096021186560393,"z":-0.0004865921218879521,"w":0.9404813647270203},"size":28.023414611816408,"orthographic":false}