{"cameraMode":{"drawMode":0,"name":"Shaded","section":"Shading Mode"},"sceneLighting":true,"audioPlay":false,"sceneViewState":{"showFog":true,"showMaterialUpdate":true,"showSkybox":true,"showFlares":true,"showImageEffects":true,"showParticleSystems":true},"in2DMode":false,"pivot":{"x":-17.605937957763673,"y":8.63468074798584,"z":5.419634819030762},"rotation":{"x":-0.28234028816223147,"y":0.14803414046764375,"z":-0.04414501413702965,"w":-0.9467975497245789},"size":14.762215614318848,"orthographic":false}