{"cameraMode":{"drawMode":0,"name":"Shaded","section":"Shading Mode"},"sceneLighting":false,"audioPlay":false,"sceneViewState":{"showFog":true,"showMaterialUpdate":true,"showSkybox":false,"showFlares":true,"showImageEffects":true,"showParticleSystems":true},"in2DMode":false,"pivot":{"x":0.0,"y":3.9099998474121095,"z":-13.380000114440918},"rotation":{"x":-0.17490306496620179,"y":-0.005319130141288042,"z":0.0009447160991840065,"w":-0.9845731258392334},"size":1.8049468994140626,"orthographic":false}