{"cameraMode":{"drawMode":0,"name":"Shaded","section":"Shading Mode"},"sceneLighting":true,"audioPlay":false,"sceneViewState":{"showFog":true,"showMaterialUpdate":true,"showSkybox":true,"showFlares":true,"showImageEffects":true,"showParticleSystems":true},"in2DMode":false,"pivot":{"x":18.945297241210939,"y":16.29323387145996,"z":5.483635902404785},"rotation":{"x":-0.34714746475219729,"y":0.07780298590660095,"z":-0.028913823887705804,"w":-0.9341310262680054},"size":2.8875246047973635,"orthographic":false}