{"cameraMode":{"drawMode":0,"name":"Shaded","section":"Shading Mode"},"sceneLighting":true,"audioPlay":false,"sceneViewState":{"showFog":true,"showMaterialUpdate":true,"showSkybox":true,"showFlares":true,"showImageEffects":true,"showParticleSystems":true},"in2DMode":false,"pivot":{"x":-14.669745445251465,"y":12.351491928100586,"z":-0.13185358047485352},"rotation":{"x":-0.1834542602300644,"y":-0.05688439682126045,"z":0.0106377974152565,"w":-0.981336772441864},"size":4.541236877441406,"orthographic":false}