{"cameraMode":{"drawMode":0,"name":"Shaded","section":"Shading Mode"},"sceneLighting":false,"audioPlay":false,"sceneViewState":{"showFog":true,"showMaterialUpdate":false,"showSkybox":true,"showFlares":true,"showImageEffects":true,"showParticleSystems":true},"in2DMode":false,"pivot":{"x":-0.5525226593017578,"y":15.3399658203125,"z":5.495062828063965},"rotation":{"x":-0.07476465404033661,"y":-0.6406399011611939,"z":0.06283652037382126,"w":-0.7617279887199402},"size":22.42715835571289,"orthographic":false}