{"cameraMode":{"drawMode":0,"name":"Shaded","section":"Shading Mode"},"sceneLighting":true,"audioPlay":false,"sceneViewState":{"showFog":true,"showMaterialUpdate":true,"showSkybox":true,"showFlares":true,"showImageEffects":true,"showParticleSystems":true},"in2DMode":false,"pivot":{"x":2.526398181915283,"y":13.877946853637696,"z":-10.88668441772461},"rotation":{"x":-0.34714746475219729,"y":0.07780298590660095,"z":-0.028913823887705804,"w":-0.9341310262680054},"size":10.281237602233887,"orthographic":false}