{"cameraMode":{"drawMode":0,"name":"Shaded","section":"Shading Mode"},"sceneLighting":false,"audioPlay":false,"sceneViewState":{"showFog":true,"showMaterialUpdate":false,"showSkybox":true,"showFlares":true,"showImageEffects":true,"showParticleSystems":true},"in2DMode":false,"pivot":{"x":18.040000915527345,"y":13.300000190734864,"z":7.579999923706055},"rotation":{"x":-0.2739041745662689,"y":0.05021805316209793,"z":-0.01430109329521656,"w":-0.9604405164718628},"size":1.4834386110305787,"orthographic":false}