{"cameraMode":{"drawMode":0,"name":"Shaded","section":"Shading Mode"},"sceneLighting":false,"audioPlay":false,"sceneViewState":{"showFog":true,"showMaterialUpdate":false,"showSkybox":true,"showFlares":true,"showImageEffects":true,"showParticleSystems":true},"in2DMode":false,"pivot":{"x":22.97220230102539,"y":15.228239059448243,"z":5.105563640594482},"rotation":{"x":-0.1348998248577118,"y":0.007158561144024134,"z":-0.0010005120420828462,"w":-0.9908763766288757},"size":0.5654463171958923,"orthographic":false}