{"cameraMode":{"drawMode":0,"name":"Shaded","section":"Shading Mode"},"sceneLighting":false,"audioPlay":false,"sceneViewState":{"showFog":true,"showMaterialUpdate":true,"showSkybox":false,"showFlares":true,"showImageEffects":true,"showParticleSystems":true},"in2DMode":false,"pivot":{"x":-2.980232238769531e-7,"y":0.31073546409606936,"z":3.0547380447387697e-7},"rotation":{"x":0.20539908111095429,"y":-0.3693636655807495,"z":0.08410477638244629,"w":0.9024155735969544},"size":1.3198777437210084,"orthographic":false}