{"cameraMode":{"drawMode":0,"name":"Shaded","section":"Shading Mode"},"sceneLighting":true,"audioPlay":false,"sceneViewState":{"showFog":true,"showMaterialUpdate":true,"showSkybox":true,"showFlares":true,"showImageEffects":true,"showParticleSystems":true},"in2DMode":false,"pivot":{"x":1.8393844366073609,"y":8.141885757446289,"z":1.0150847434997559},"rotation":{"x":0.3384939432144165,"y":0.0014122718712314964,"z":-0.00047969981096684933,"w":0.9409886598587036},"size":40.87737274169922,"orthographic":false}