{"cameraMode":{"drawMode":0,"name":"Shaded","section":"Shading Mode"},"sceneLighting":true,"audioPlay":false,"sceneViewState":{"showFog":true,"showMaterialUpdate":true,"showSkybox":true,"showFlares":true,"showImageEffects":true,"showParticleSystems":true},"in2DMode":false,"pivot":{"x":3.20690655708313,"y":16.57467269897461,"z":-8.731416702270508},"rotation":{"x":0.33990657329559328,"y":0.0014096021186560393,"z":-0.0004865921218879521,"w":0.9404813647270203},"size":25.300325393676759,"orthographic":false}