{"cameraMode":{"drawMode":0,"name":"Shaded","section":"Shading Mode"},"sceneLighting":true,"audioPlay":false,"sceneViewState":{"showFog":true,"showMaterialUpdate":false,"showSkybox":true,"showFlares":true,"showImageEffects":true,"showParticleSystems":true},"in2DMode":false,"pivot":{"x":5.437349796295166,"y":0.5398597717285156,"z":13.166234970092774},"rotation":{"x":-0.28144481778144839,"y":-0.008062854409217835,"z":0.002364950953051448,"w":-0.9595410823822022},"size":43.50204086303711,"orthographic":false}