{"cameraMode":{"drawMode":0,"name":"Shaded","section":"Shading Mode"},"sceneLighting":true,"audioPlay":false,"sceneViewState":{"showFog":true,"showMaterialUpdate":false,"showSkybox":true,"showFlares":true,"showImageEffects":true,"showParticleSystems":true},"in2DMode":false,"pivot":{"x":14.21856689453125,"y":4.218851089477539,"z":29.000802993774415},"rotation":{"x":-0.27218669652938845,"y":0.028013410046696664,"z":-0.008246801793575287,"w":-0.9622058272361755},"size":44.35979080200195,"orthographic":false}