{"cameraMode":{"drawMode":0,"name":"Shaded","section":"Shading Mode"},"sceneLighting":true,"audioPlay":false,"sceneViewState":{"showFog":true,"showMaterialUpdate":false,"showSkybox":true,"showFlares":true,"showImageEffects":true,"showParticleSystems":true},"in2DMode":false,"pivot":{"x":245.86907958984376,"y":68.02641296386719,"z":642.3013916015625},"rotation":{"x":-0.07972515374422074,"y":0.0005953966174274683,"z":-0.00004747876664623618,"w":-0.996817946434021},"size":1053.08349609375,"orthographic":false}