{"cameraMode":{"drawMode":0,"name":"Shaded","section":"Shading Mode"},"sceneLighting":true,"audioPlay":false,"sceneViewState":{"showFog":true,"showMaterialUpdate":false,"showSkybox":true,"showFlares":true,"showImageEffects":true,"showParticleSystems":true},"in2DMode":false,"pivot":{"x":-0.2474365234375,"y":4.26416015625,"z":-5.837890625},"rotation":{"x":0.13886302709579469,"y":-0.05137158930301666,"z":0.007211711723357439,"w":0.9889639616012573},"size":8.566914558410645,"orthographic":true}