{"cameraMode":{"drawMode":0,"name":"Shaded","section":"Shading Mode"},"sceneLighting":true,"audioPlay":false,"sceneViewState":{"showFog":true,"showMaterialUpdate":false,"showSkybox":true,"showFlares":true,"showImageEffects":true,"showParticleSystems":true},"in2DMode":false,"pivot":{"x":4.487401008605957,"y":11.32657527923584,"z":-7.139285087585449},"rotation":{"x":-0.3252880275249481,"y":0.001958052860572934,"z":-0.0010542762465775014,"w":-0.9460229277610779},"size":18.44145965576172,"orthographic":false}