{"cameraMode":{"drawMode":0,"name":"Shaded","section":"Shading Mode"},"sceneLighting":true,"audioPlay":false,"sceneViewState":{"showFog":true,"showMaterialUpdate":false,"showSkybox":true,"showFlares":true,"showImageEffects":true,"showParticleSystems":true},"in2DMode":false,"pivot":{"x":20.989999771118165,"y":0.0,"z":21.057031631469728},"rotation":{"x":-0.19054332375526429,"y":-0.0016254810616374016,"z":0.0010402682237327099,"w":-0.9818400144577026},"size":49.270851135253909,"orthographic":true}