{"cameraMode":{"drawMode":0,"name":"Shaded","section":"Shading Mode"},"sceneLighting":true,"audioPlay":false,"sceneViewState":{"showFog":true,"showMaterialUpdate":false,"showSkybox":true,"showFlares":true,"showImageEffects":true,"showParticleSystems":true},"in2DMode":false,"pivot":{"x":-0.6364262104034424,"y":2.2940471172332765,"z":-0.7046523094177246},"rotation":{"x":-0.1215100958943367,"y":0.665166974067688,"z":-0.11097119748592377,"w":-0.7283372282981873},"size":11.105660438537598,"orthographic":false}