{"cameraMode":{"drawMode":0,"name":"Shaded","section":"Shading Mode"},"sceneLighting":true,"audioPlay":false,"sceneViewState":{"showFog":true,"showMaterialUpdate":false,"showSkybox":true,"showFlares":true,"showImageEffects":true,"showParticleSystems":true},"in2DMode":false,"pivot":{"x":2.920565366744995,"y":-27.945423126220704,"z":13.228453636169434},"rotation":{"x":-0.5243235230445862,"y":0.0016814081463962794,"z":-0.0014549691695719958,"w":-0.8519716262817383},"size":70.5432357788086,"orthographic":false}