{"cameraMode":{"drawMode":0,"name":"Shaded","section":"Shading Mode"},"sceneLighting":true,"audioPlay":false,"sceneViewState":{"showFog":true,"showMaterialUpdate":false,"showSkybox":true,"showFlares":true,"showImageEffects":true,"showParticleSystems":true},"in2DMode":false,"pivot":{"x":-0.55029296875,"y":1.558837890625,"z":-7.455078125},"rotation":{"x":0.08825942873954773,"y":-0.053164079785346988,"z":0.004719357006251812,"w":0.9946765303611755},"size":2.7531163692474367,"orthographic":true}