{"cameraMode":{"drawMode":0,"name":"Shaded","section":"Shading Mode"},"sceneLighting":true,"audioPlay":false,"sceneViewState":{"showFog":true,"showMaterialUpdate":false,"showSkybox":true,"showFlares":true,"showImageEffects":true,"showParticleSystems":true},"in2DMode":false,"pivot":{"x":-0.55029296875,"y":1.558837890625,"z":-7.455078125},"rotation":{"x":0.0913296565413475,"y":-0.03076413832604885,"z":0.002825082978233695,"w":0.9953510761260986},"size":2.7531163692474367,"orthographic":true}