{"cameraMode":{"drawMode":0,"name":"Shaded","section":"Shading Mode"},"sceneLighting":true,"audioPlay":false,"sceneViewState":{"showFog":true,"showMaterialUpdate":false,"showSkybox":true,"showFlares":true,"showImageEffects":true,"showParticleSystems":true},"in2DMode":false,"pivot":{"x":260.5711669921875,"y":507.671875,"z":-182.75},"rotation":{"x":0.12418029457330704,"y":-0.0023796046152710916,"z":0.00029718028963543475,"w":0.992268979549408},"size":211.9207000732422,"orthographic":true}